{
    "dependencies": [
        {
            "name": "com.coffee.upm-git-extension",
            "hash": "c5bd85b033ee9994cf7b4d711479e2602d42c639",
            "url": "https://github.com/mob-sakai/UpmGitExtension.git#1.3.4"
        },
        {
            "name": "com.coffee.csharp-compiler-settings",
            "hash": "21a65331b1cded7ad161499ee760b39be47e092a",
            "url": "https://github.com/mob-sakai/CSharpCompilerSettingsForUnity.git#1.4.0"
        },
        {
            "name": "com.marijnzwemmer.unity-toolbar-extender",
            "hash": "dbd76ed996483d219c39d240f785b1790aa039ed",
            "url": "https://github.com/marijnz/unity-toolbar-extender.git"
        },
        {
            "name": "com.gametoolkit.localization",
            "hash": "f21f89a98d51bf851fefe9e870d6a6d9f79eb840",
            "url": "https://github.com/ibrahimpenekli/GameToolkit-Localization.git#2.2.2"
        }
    ]
}